PID,district
909176150,Edwards
905476230,Edwards
911128020,Mitchell
535377150,Meeker
534177230,Fellows
908128060,Edwards
902135020,Meeker
528228540,
923426010,Mitchell
908186050,Edwards
923426070,Mitchell
902204080,Meeker
535105100,Meeker
907405020,Edwards
531382110,Sawyer
906380120,Sawyer
909101060,Edwards
534152050,Fellows
923252075,Mitchell
531376060,Sawyer
902201120,Meeker
923228080,Mitchell
902326030,Meeker
527451330,Meeker
528218100,
916386140,Mitchell
533221090,Fellows
534128010,Fellows
528106110,
902206260,Meeker
528222090,
528218150,
903400180,Meeker
535453210,Meeker
916386010,Mitchell
907181090,Sawyer
902206020,Meeker
527327050,Fellows
527455250,Fellows
528326110,Fellows
914452190,Mitchell
535425060,Meeker
532376250,Sawyer
535379110,Meeker
528118010,
528235160,
905478030,Edwards
902106130,Meeker
902102080,Meeker
909176170,Edwards
533206070,Fellows
527302020,Fellows
907414060,Edwards
904301060,Edwards
532479020,Sawyer
528110070,
534429130,Fellows
528365060,Fellows
533135020,Fellows
910203100,Mitchell
905451390,Edwards
533213010,Fellows
528118030,
907200340,Sawyer
528164060,
907202010,Sawyer
909250060,Edwards
528315060,Fellows
528231020,
528456230,Fellows
907180120,Sawyer
911370410,Mitchell
527108090,
528222050,
902328100,Meeker
527451410,Meeker
914476130,Mitchell
535453020,Meeker
535379100,Meeker
905108190,Sawyer
905201110,Sawyer
903227090,Meeker
905107300,Sawyer
903401070,Meeker
903230100,Meeker
527105010,
528480020,Fellows
527402130,Meeker
909251080,Edwards
908201120,Edwards
533221080,Fellows
535178100,Meeker
535457050,Meeker
923226270,Mitchell
535105090,Meeker
533253070,Fellows
907280170,Edwards
914476450,Mitchell
535327200,Meeker
528441090,Fellows
906426195,Sawyer
534275170,Fellows
923226180,Mitchell
923226320,Mitchell
528118050,
904300150,Edwards
533236050,Fellows
527354160,Fellows
528435040,Fellows
534129230,Fellows
535325350,Meeker
902408080,Meeker
916455050,Mitchell
909276200,Edwards
534277060,Fellows
905107280,Sawyer
923204050,Mitchell
531376050,Sawyer
903454010,Mitchell
906412010,Sawyer
535301060,Meeker
534453080,Fellows
911102180,Mitchell
535403210,Meeker
531382120,Sawyer
916455120,Mitchell
905475510,Edwards
916326090,Mitchell
909101140,Edwards
907260050,Edwards
907131090,Sawyer
903206160,Meeker
528222020,
526352090,Meeker
534201280,Fellows
908102330,Edwards
906385010,Sawyer
534276230,Fellows
906420020,Sawyer
527404120,Meeker
907192010,Edwards
527131030,
527452290,Fellows
907250030,Sawyer
909251040,Edwards
535377100,Meeker
528174050,
533250110,Fellows
908186040,Edwards
903231050,Meeker
908152110,Edwards
535476110,Meeker
533250050,Fellows
535325340,Meeker
909475050,Edwards
907196020,Edwards
533130160,Fellows
535102010,Meeker
531475220,Sawyer
527325070,Fellows
911175440,Mitchell
903226160,Meeker
902134100,Meeker
902111010,Meeker
535381040,Meeker
910202060,Mitchell
535477180,Meeker
908127050,Edwards
528439010,Fellows
906223110,Sawyer
528358010,Fellows
532378160,Sawyer
531450040,Sawyer
527326040,Fellows
903204095,Meeker
905105040,Sawyer
528477020,Fellows
905202210,Sawyer
903425190,Meeker
535150210,Meeker
535453160,Meeker
535353130,Meeker
535456070,Meeker
908250090,Edwards
527452070,Fellows
902325100,Meeker
921126030,Mitchell
905401060,Edwards
916402125,Mitchell
531452010,Sawyer
528363070,Fellows
533208090,Fellows
534401130,Fellows
910203230,Mitchell
907420090,Edwards
902303100,Meeker
906392120,Sawyer
903484080,Mitchell
527301320,Fellows
527140090,
909428170,Edwards
905228050,Sawyer
533234020,Fellows
533212100,Fellows
534475185,Fellows
905452150,Edwards
528176010,
535450160,Meeker
533215040,Fellows
528104010,
535325090,Meeker
909250210,Edwards
527325110,Fellows
910202030,Mitchell
535175180,Meeker
534202160,Fellows
916403020,Mitchell
535354100,Meeker
905227050,Sawyer
534451020,Fellows
533120030,Fellows
905108220,Sawyer
527165170,
535353190,
528315070,Fellows
903232060,Meeker
906204180,Sawyer
906475110,Sawyer
906223040,Sawyer
909253190,Edwards
923400150,Mitchell
923226290,Mitchell
909282020,Edwards
528110110,
534479320,Fellows
528150110,
906380160,Sawyer
911370460,Mitchell
535477090,Meeker
534478230,Fellows
906426060,Sawyer
528235190,
923225440,Mitchell
923276030,Mitchell
909425060,Edwards
902332030,Meeker
527105140,
535477150,Meeker
535327210,Meeker
533213070,Fellows
904100100,Sawyer
528480180,Fellows
528114040,
528235020,
908275110,Edwards
905103140,Sawyer
902402260,Meeker
528235200,
528181060,
923275200,Mitchell
903451110,Mitchell
528181040,
908102110,Edwards
533217050,Fellows
533350090,Sawyer
528445070,Fellows
527212040,
907200270,Sawyer
908201040,Edwards
907410100,Edwards
903481120,Mitchell
535453180,Meeker
907227110,Sawyer
531453010,Sawyer
531478010,Sawyer
535403200,Meeker
527254020,
527366030,Fellows
535325460,Meeker
528110040,
906392090,Sawyer
535452140,Meeker
535151160,Meeker
903429110,Meeker
916455150,Mitchell
909425180,Edwards
528175050,
910205010,Mitchell
533206020,Fellows
902427040,Meeker
528427020,Fellows
528458070,Fellows
903401030,Meeker
909275040,Edwards
527163130,
905200350,Sawyer
528363050,Fellows
903233140,Meeker
905107070,Sawyer
528240020,
906225180,Sawyer
528114010,
907126030,Sawyer
904100160,Sawyer
909254130,Edwards
535403030,Meeker
907412010,Edwards
903228080,Meeker
531452100,Sawyer
526302030,Meeker
902106090,Meeker
527161090,
532353120,Sawyer
535453070,Meeker
534252110,Fellows
535327230,Meeker
905425125,Edwards
908103280,Edwards
528221060,
921128020,Mitchell
528174040,
909256010,Edwards
533212060,Fellows
908204180,Edwards
533223100,Fellows
909176180,Edwards
903475040,
535426195,Meeker
905103040,Sawyer
528110100,
534431030,Fellows
905300010,Sawyer
914474070,Mitchell
534428100,Fellows
533350050,Sawyer
908188130,Edwards
534453150,Fellows
528458120,Fellows
535179050,Meeker
527302185,Fellows
534128190,Fellows
528180110,
916176125,Mitchell
903454090,Mitchell
535457010,Meeker
528462040,Fellows
909428120,
916460060,Mitchell
528431050,Fellows
527110020,
535352080,Meeker
527402250,Meeker
535451040,Meeker
905452050,Edwards
903225090,Meeker
531363010,Sawyer
923205025,Mitchell
532377060,Sawyer
902109160,Meeker
902128075,Meeker
528178070,
903225160,Meeker
906380170,Sawyer
528174020,
910201110,Mitchell
535325400,Meeker
535150070,Meeker
533254100,Fellows
533254130,Fellows
907194110,Edwards
531375100,Sawyer
532477030,Sawyer
534102025,Fellows
905452160,Edwards
533208050,Fellows
905427030,Edwards
535301010,Meeker
909280030,Edwards
528116010,
528228270,
907252210,Edwards
909475020,Edwards
907253110,Edwards
535325280,Meeker
532378240,Sawyer
908102260,Edwards
908226180,Edwards
527425060,
527451540,Meeker
902128170,Meeker
903455090,Mitchell
910203250,Mitchell
903228070,Meeker
527214060,
528427010,Fellows
535451250,Meeker
908152270,Edwards
909452050,Edwards
532354160,Sawyer
531453100,Sawyer
527328050,
907418010,Edwards
528344020,Fellows
532353180,Sawyer
902106070,Meeker
528221050,
534479300,Fellows
906223060,Sawyer
535105060,Meeker
528108040,
909279010,Edwards
527183030,
527276160,
902207130,Meeker
903227020,Meeker
908203100,Edwards
534152120,Fellows
907290240,Sawyer
528478030,Fellows
910201180,Mitchell
533208140,Fellows
528166150,
905107140,Sawyer
527180100,
528458080,Fellows
905101450,Sawyer
914460110,Mitchell
534400290,Fellows
907254020,Edwards
528458030,Fellows
528480060,Fellows
905226050,Sawyer
528253010,
528228345,
527425140,
907135020,Sawyer
533206040,Fellows
535181140,Meeker
902427045,Meeker
527405130,Meeker
528431040,Fellows
527450210,Meeker
532378200,Sawyer
909278020,Edwards
534225110,Fellows
528142020,
527404030,Meeker
527162180,
534151180,Fellows
908204090,Edwards
532354070,Sawyer
527302070,Fellows
527214030,
902330010,Meeker
923228150,Mitchell
527302080,Fellows
528344040,Fellows
535403040,Meeker
535375050,Meeker
535376060,Meeker
924151040,Mitchell
532351150,Sawyer
905105010,Sawyer
527452310,Fellows
909250200,Edwards
905101300,Sawyer
902329080,Meeker
903225140,Meeker
533215080,Fellows
534452060,
532476050,Sawyer
909428110,
528170040,
533110130,Fellows
921205030,Mitchell
923203090,Mitchell
535104120,Meeker
528366070,Fellows
923204040,Mitchell
535378080,Meeker
533251130,Fellows
528235130,
903226130,Meeker
903235020,Meeker
527425110,
902327070,Meeker
903425270,Meeker
534127230,Fellows
914478100,Mitchell
535301150,Meeker
903225150,Meeker
527402220,Meeker
904351240,Edwards
535452090,Meeker
528108020,
528427070,Fellows
902125020,Meeker
910201050,Mitchell
527425090,
909277100,Edwards
531452070,Sawyer
528387050,Fellows
905480240,Edwards
535476350,Meeker
906394060,Sawyer
909282030,Edwards
905225040,Sawyer
908275130,Edwards
527226040,
903458110,Mitchell
535425080,Meeker
907201220,Sawyer
903426160,Meeker
905478140,Edwards
906475070,Sawyer
907414070,Edwards
914476050,Mitchell
923251180,Mitchell
528235090,
527355150,Fellows
527454130,Fellows
533215020,Fellows
526302120,Meeker
532378220,Sawyer
907420110,Edwards
527354100,Fellows
535404080,Meeker
906223090,Sawyer
527450080,Meeker
923275040,Mitchell
906477110,Sawyer
908103310,Edwards
531477040,Sawyer
534176230,Fellows
907187060,Sawyer
528385050,Fellows
908204160,Edwards
924100020,Mitchell
907401080,Edwards
528108120,
916403230,Mitchell
903236040,Meeker
903475060,Mitchell
527302090,Fellows
923230120,Mitchell
534403420,Fellows
1007100110,Mitchell
907290090,Edwards
907203090,Sawyer
905102060,Sawyer
907275150,Edwards
535152150,Meeker
528365090,Fellows
910200080,Mitchell
923225080,Mitchell
906402200,Sawyer
921128050,Mitchell
909250160,Edwards
908225170,Edwards
906380060,Sawyer
527175130,
528480110,Fellows
528150070,
923400040,Mitchell
910205020,Mitchell
535103050,Meeker
528240150,
906226120,Sawyer
535327140,Meeker
528427040,Fellows
528435020,Fellows
534431130,Fellows
923203110,Mitchell
527356020,Fellows
527252090,
527258020,
533253060,Fellows
905107380,Sawyer
531375040,Sawyer
535355100,Meeker
907192120,Edwards
528138010,
908229020,Edwards
528480090,Fellows
527108070,
906226060,Sawyer
908275290,Edwards
531375070,Sawyer
528480070,Fellows
905300080,Sawyer
907203040,Sawyer
535450180,Meeker
531382070,Sawyer
527216080,
906394050,Sawyer
527252070,
534250010,Fellows
904100090,Sawyer
905453040,Edwards
527326150,Fellows
909101050,Edwards
923203140,Mitchell
906230020,Sawyer
528218060,
906380040,Sawyer
528228360,
532377130,Sawyer
903400030,Meeker
535453200,Meeker
528240080,
534476320,Fellows
902125080,Meeker
528327010,Fellows
916455070,Mitchell
535350030,Meeker
905226170,Sawyer
528488140,Fellows
528228580,
527453130,Fellows
534127210,Fellows
531452020,Sawyer
911175430,Mitchell
531452180,Sawyer
902300110,Meeker
924152030,Mitchell
528439080,Fellows
908151040,Edwards
528390020,Fellows
531453140,Sawyer
905226110,Sawyer
531363080,Sawyer
527450520,Meeker
534252040,Fellows
527453140,Fellows
531385020,Sawyer
534151175,Fellows
914452060,Mitchell
535426130,Meeker
905200220,Sawyer
903425280,Meeker
527326130,Fellows
902105110,Meeker
528477050,Fellows
909282130,
534402170,Fellows
528228340,
911128180,Mitchell
527404020,Meeker
908103350,Edwards
527126030,
916475040,Mitchell
905452110,Edwards
533208020,Fellows
902103120,Meeker
527359180,Fellows
535475020,Meeker
923227100,Mitchell
528150090,
914475030,Mitchell
923225240,Mitchell
527108060,
528482090,Fellows
527358060,Fellows
903235100,Meeker
903225040,Meeker
905453080,Edwards
903227080,Meeker
908102140,Edwards
534275060,Fellows
907202080,Sawyer
532351090,Sawyer
923226300,Mitchell
907180130,Sawyer
907412040,Edwards
535456100,Meeker
528172020,
907175080,Sawyer
534427140,Fellows
905200010,Sawyer
528228555,
905300020,Sawyer
533253030,Fellows
923228250,Mitchell
534128100,Fellows
908103090,Edwards
531369010,Sawyer
535426350,Meeker
527210050,
923225190,Mitchell
923228210,Mitchell
902401090,Meeker
528174080,
910200040,Mitchell
528294060,
902128150,Meeker
535451010,Meeker
533221060,Fellows
535175050,Meeker
905104210,Sawyer
907275080,Edwards
907285080,Edwards
907285050,Edwards
528118040,
907255050,Edwards
905105190,Sawyer
923201100,Mitchell
528120030,
907135170,Sawyer
535478010,Meeker
535180120,Meeker
534426110,Fellows
535403150,Meeker
531376010,Sawyer
911102170,Mitchell
905475520,Edwards
907175030,Sawyer
527212050,
902201110,Meeker
906201030,Sawyer
535325130,Meeker
533213040,Fellows
527352150,Fellows
903226060,Meeker
923227080,Mitchell
907252060,Edwards
528102010,
533208040,Fellows
534128090,Fellows
908103260,Edwards
903231180,Meeker
533206050,Fellows
535403280,Meeker
907192030,Edwards
914465060,Mitchell
903228120,Meeker
903229040,Meeker
535101120,Meeker
527180040,
902110080,Meeker
902405120,Meeker
924100070,Mitchell
903454020,Mitchell
527110120,
902136110,Meeker
907130060,Sawyer
526350040,Meeker
535352090,Meeker
907295100,Sawyer
528431060,Fellows
535126040,Meeker
534477110,Fellows
528222010,
923203010,Mitchell
535154060,Meeker
533125120,Fellows
902301150,Meeker
533250160,Fellows
528106010,
532376040,Sawyer
535151130,Meeker
528240070,
527184020,
907135230,Sawyer
527402150,Meeker
532378070,Sawyer
910201020,Mitchell
905103060,Sawyer
923228110,Mitchell
904100170,Sawyer
533242090,Fellows
528456180,Fellows
907285100,Edwards
535104020,Meeker
528439040,Fellows
908225320,Edwards
527216070,
527451290,Meeker
907410050,Edwards
909254050,Edwards
531373060,Sawyer
534451130,Fellows
902206220,Meeker
527164020,
527107130,
923225200,Mitchell
909251030,Edwards
907194130,Edwards
907250070,Edwards
903454080,Mitchell
534250335,Fellows
528108130,
923230010,Mitchell
909281030,Edwards
527451320,Meeker
535303110,Meeker
528456200,Fellows
528120010,
902207170,Meeker
923204140,Mitchell
906223080,Sawyer
532378050,Sawyer
906204140,Sawyer
923202137,Mitchell
907280040,Edwards
528170070,
902300260,Meeker
911226010,Mitchell
535375160,Meeker
527405160,Meeker
534200030,Fellows
528186110,
527450110,Meeker
528292030,
535177020,Meeker
535478110,Meeker
528142070,
527276040,
908127070,Edwards
908186090,Edwards
916403290,Mitchell
528327070,Fellows
535453040,Meeker
923276180,Mitchell
534430110,Fellows
907187030,Sawyer
535383120,Meeker
902205070,Meeker
535453100,Meeker
528488100,Fellows
534403370,Fellows
535455080,Meeker
532479120,Sawyer
531452260,Sawyer
528488130,Fellows
923229010,Mitchell
528382020,Fellows
914478045,Mitchell
535478040,Meeker
907227080,Sawyer
532376090,Sawyer
907196050,Sawyer
907265100,Edwards
528114050,
907260030,Edwards
905200510,Sawyer
527106050,
527325160,Fellows
535403190,Meeker
907410040,Edwards
531384070,Sawyer
528290170,
903457130,Mitchell
902402250,Meeker
533223050,Fellows
527376090,Fellows
528168040,
528174070,
527106140,
909281080,
534250410,Fellows
907200250,Sawyer
907200170,Sawyer
528290090,
528228440,
905476225,Edwards
907260040,Edwards
535376090,Meeker
526302040,Meeker
527451450,Meeker
535453150,Meeker
907412020,Edwards
907252220,Edwards
535354260,Meeker
910206010,Mitchell
903232030,Meeker
921201060,Mitchell
535353040,Meeker
534427040,Fellows
527368020,Fellows
905103110,Sawyer
528477080,Fellows
903230120,Meeker
906475050,Sawyer
528429070,Fellows
905426010,Edwards
528150080,
534450090,Fellows
534403440,Fellows
905201080,Sawyer
914476380,Mitchell
533223110,Fellows
534426040,Fellows
527358140,Fellows
528102030,
905107320,Sawyer
528228290,
527427210,Meeker
909100110,Edwards
528228415,
909281130,Edwards
907202240,Sawyer
903400040,Meeker
532351060,Sawyer
532377100,Sawyer
527325240,Fellows
528390210,Fellows
532354150,Sawyer
903452025,Mitchell
528456240,Fellows
534225120,Fellows
906382060,Sawyer
528166060,
533253180,Fellows
528315110,Fellows
535150280,Meeker
902305110,Meeker
907125040,Sawyer
910203020,Mitchell
528363020,Fellows
923202025,Mitchell
533236040,Fellows
535151110,Meeker
905377020,Edwards
903401020,Meeker
906230010,Sawyer
534479140,
909253180,Edwards
531379030,Sawyer
907227090,Sawyer
909282110,Edwards
528166120,
914467050,Mitchell
905427140,Edwards
527165010,
527359050,Fellows
535180030,Meeker
902427150,Meeker
905451300,Edwards
903233100,Meeker
902301030,Meeker
534275010,Fellows
908152070,Edwards
905104090,Sawyer
535375040,Meeker
907202220,Sawyer
907227050,Sawyer
535382020,Meeker
905403060,Edwards
531376090,Sawyer
535427070,Meeker
923228270,Mitchell
528228445,
907125020,Sawyer
533206060,Fellows
528275060,
534403290,Fellows
526351100,Meeker
534201300,Fellows
527105060,
904302020,Edwards
527107210,
534425080,Fellows
528354110,Fellows
907290250,Sawyer
528480150,Fellows
534427010,Fellows
905106140,Sawyer
914452120,Mitchell
907250050,Sawyer
909425140,Edwards
535301080,Meeker
534125120,Fellows
528186090,
533236070,Fellows
903228060,Meeker
916403200,Mitchell
905401020,Edwards
535382100,Meeker
905476170,Edwards
527364030,Fellows
526355190,Meeker
916226090,Edwards
533223020,Fellows
908275300,Edwards
527451170,Meeker
907425015,Sawyer
923276100,Mitchell
909276010,Edwards
528176070,
907412080,Edwards
923400110,Mitchell
923229100,Mitchell
903233180,Meeker
528231030,
909254070,Edwards
527455060,Fellows
534478140,
905108120,Sawyer
905377130,Edwards
905201090,Sawyer
905480210,Edwards
534278070,Fellows
527368010,Fellows
535180130,Meeker
533210060,Fellows
527359010,Fellows
533130130,Fellows
531371050,Sawyer
535354050,Meeker
902106010,Meeker
533213020,Fellows
528456220,Fellows
907227290,Sawyer
528186010,
905104240,Sawyer
906426090,Sawyer
902301120,Meeker
902101010,Meeker
527450030,Meeker
535175070,Meeker
528108070,
909281020,Edwards
533213140,Fellows
535302070,Meeker
905480030,Edwards
907200110,Sawyer
907275030,Edwards
907203110,Sawyer
527127100,
528431020,Fellows
535379060,Meeker
903205085,Meeker
531450120,Sawyer
902205130,Meeker
904100140,Sawyer
923229140,Mitchell
903456060,Mitchell
528431120,Fellows
905107220,Sawyer
903458170,Mitchell
534202030,Fellows
527127140,
535101150,Meeker
535402070,Meeker
902403070,Meeker
528477070,Fellows
908127100,Edwards
902301080,Meeker
903475100,Mitchell
903226150,Meeker
902207080,Meeker
535450210,Meeker
535153070,Meeker
905105170,Sawyer
907290080,Edwards
526354070,Meeker
903458060,Mitchell
532479050,Sawyer
527427090,Meeker
905109170,Sawyer
905479110,Edwards
907187040,Sawyer
905475160,Edwards
534250370,Fellows
905377010,Edwards
908208020,Edwards
531479020,Sawyer
909428280,Edwards
535454070,Meeker
535304020,Meeker
527131110,
534403280,Fellows
527107040,
907270040,Edwards
903455140,Mitchell
907180040,Sawyer
528106020,
528228285,
907262080,Edwards
923225260,Mitchell
535383060,Meeker
527453050,Fellows
527107030,
903236130,Meeker
534450180,Fellows
528275080,
909428340,Edwards
528441080,Fellows
527105130,
907175060,Sawyer
908228010,Edwards
905480180,Edwards
534201240,Fellows
528441020,Fellows
527164090,
909277070,
534400060,Fellows
907290210,Sawyer
906204150,Sawyer
531451150,Sawyer
528181080,
535106140,Meeker
533241010,Fellows
534276180,Fellows
527163010,
907194020,Sawyer
907187010,Sawyer
908151050,Edwards
528102140,
534125080,Fellows
528321010,Fellows
914475090,Mitchell
534451120,Fellows
902202090,Meeker
909131125,Edwards
909427230,Edwards
909475040,Edwards
533242030,Fellows
528120170,
902100010,Meeker
535179060,Meeker
534276070,Fellows
905452140,Edwards
528387030,Fellows
534277090,Fellows
534104100,Fellows
902207220,Meeker
902300215,Meeker
534176140,Fellows
902128160,Meeker
527451180,Meeker
905402070,Edwards
916382110,Mitchell
534176060,Fellows
527302110,Fellows
909425270,Edwards
527404050,Meeker
905480150,Edwards
903231090,Meeker
531375120,Sawyer
906201021,Sawyer
531371070,Sawyer
528390100,Fellows
906200230,Sawyer
907420040,Edwards
916402215,Mitchell
907200290,Sawyer
908225180,Edwards
906380050,Sawyer
535450190,Meeker
528315030,Fellows
535103070,Meeker
905202090,Sawyer
907192090,Edwards
527158090,
916326040,Mitchell
534403040,Fellows
528220040,
907201280,Sawyer
528235180,
528231050,
907425010,Edwards
905103180,Sawyer
528228450,
906380030,Sawyer
528445060,Fellows
909252110,Edwards
909179020,Edwards
909251050,Edwards
903231010,Meeker
528142090,
907200280,Sawyer
528477040,Fellows
903206070,Meeker
909428190,Edwards
528112040,
528142040,
902106060,Meeker
527375100,Fellows
527105070,
909277090,
527110130,
527375210,Fellows
533215030,Fellows
906378100,Sawyer
527325090,Fellows
526301100,Meeker
535178060,Meeker
903430090,Meeker
534402140,Fellows
908225240,Edwards
534451110,Fellows
914467040,Mitchell
527451110,Meeker
907262020,Edwards
527376110,Fellows
904301375,Edwards
527145090,
902427180,Meeker
903476030,Mitchell
534400030,Fellows
533213120,Fellows
528290010,
907420060,Edwards
907260010,Edwards
906201200,Sawyer
906382020,Sawyer
532376160,Sawyer
910202070,Mitchell
528150120,
902101050,Meeker
909250070,Edwards
535476240,Meeker
528228405,
905202230,Sawyer
527210060,
528228460,
528112020,
528290180,
907254050,Edwards
904100040,Sawyer
534126060,Fellows
535402010,Meeker
534403080,Fellows
532351140,Sawyer
903426010,Meeker
531367050,Sawyer
533213130,Fellows
907185060,Sawyer
905427010,Edwards
908102100,
527145080,
534250300,Fellows
905301050,Sawyer
534202180,Fellows
531450170,Sawyer
533212120,Fellows
902109120,Meeker
535450310,Meeker
903201030,Meeker
533236060,Fellows
908102130,Edwards
905105070,Sawyer
533241030,Fellows
923228260,Mitchell
534204030,Fellows
535477020,Meeker
907192130,Edwards
534151120,Fellows
908102170,Edwards
907401050,Edwards
902105060,Meeker
534431050,Fellows
528344060,Fellows
909452114,Edwards
534276190,Fellows
907253060,Edwards
902329090,Meeker
527453160,Fellows
903233080,Meeker
528292060,
909256120,Edwards
906223220,Sawyer
535153150,Meeker
527163080,
907414080,Edwards
527402090,Meeker
535426260,Meeker
528322020,Fellows
908152180,Edwards
909131170,Edwards
527146135,
907255010,Edwards
528142110,
533223030,Fellows
907131120,Sawyer
534201130,Fellows
528366050,Fellows
528340030,Fellows
903475020,
908152290,Edwards
527163100,
916477020,Mitchell
535456010,Meeker
534129080,Fellows
535101020,Meeker
528320060,Fellows
903234220,Meeker
911370520,Mitchell
528218020,
902325050,Meeker
905427070,Edwards
907252050,Edwards
907253130,Edwards
903429080,Meeker
527451060,Meeker
907418040,Edwards
911226030,Mitchell
535402230,Meeker
527427230,Meeker
903204030,
923225360,Mitchell
903202120,Meeker
527455050,Fellows
903231190,Meeker
528275110,
906202040,Sawyer
528382030,Fellows
907200190,Sawyer
531451110,Sawyer
906340130,Sawyer
923400025,Mitchell
528480130,Fellows
534277070,Fellows
907203060,Sawyer
528480160,Fellows
907135050,Sawyer
916403010,Mitchell
528482020,Fellows
905451320,Edwards
907135260,Sawyer
527455280,Fellows
527451400,Meeker
528290030,
535154080,Meeker
909276110,
914476010,Mitchell
535451210,Meeker
916402115,Mitchell
527375160,Fellows
527252080,
916380060,Mitchell
533125080,Fellows
908275180,Edwards
528348030,Fellows
907252190,Edwards
527190220,
534425015,Fellows
528172060,
527164120,
534477270,Fellows
527105050,
906394040,Sawyer
902206240,Meeker
909253010,Edwards
907290040,Edwards
535457020,Meeker
902204120,Meeker
535301170,Meeker
923228230,Mitchell
923202060,Mitchell
904302260,Edwards
909275250,Edwards
531452080,Sawyer
528138020,
905101330,Sawyer
916475110,Mitchell
534128020,Fellows
527358090,Fellows
909250120,Edwards
909254150,Edwards
905202190,Sawyer
527353060,Fellows
905478220,Edwards
902456015,Mitchell
916402015,Mitchell
905426100,Edwards
923228220,Mitchell
527182020,
528175060,
908102040,
903230110,Meeker
906223210,Sawyer
527377030,Fellows
905101260,Sawyer
903426180,Meeker
916475020,Mitchell
905200490,Sawyer
905401045,Edwards
902205090,Meeker
910205130,Mitchell
528280130,
534127130,Fellows
526353030,Meeker
903481100,Mitchell
535402120,Meeker
527302210,Fellows
532378130,Sawyer
902301130,Meeker
902103100,Meeker
535454100,Meeker
909250040,Edwards
902325070,Meeker
533125140,Fellows
924100060,Mitchell
533251120,Fellows
907414020,Edwards
535451110,Meeker
535302130,Meeker
905402110,Edwards
534175100,Fellows
527164060,
907270050,Edwards
528178010,
907200230,Sawyer
527162090,
527450460,Meeker
528106120,
528294070,
535455090,Meeker
535176070,Meeker
902405070,Meeker
535478090,Meeker
907202130,Sawyer
902100030,Meeker
902105050,Meeker
534252270,Fellows
532377050,Sawyer
534177210,Fellows
533221030,Fellows
909175030,Edwards
528164040,
527402240,Meeker
528181070,
535152130,Meeker
535353160,
907420080,Edwards
907410130,Edwards
534403410,Fellows
533205110,Fellows
907262050,Edwards
902405100,Meeker
534251280,Fellows
533205060,Fellows
907405130,Edwards
924100050,Mitchell
923225370,Mitchell
906203120,Sawyer
903400220,Meeker
911370530,Mitchell
528235120,
532477040,Sawyer
528228430,
527357110,Fellows
907202100,Sawyer
534127190,Fellows
535125070,Meeker
535401080,Meeker
534403400,Fellows
908188150,Edwards
527427160,Meeker
528326060,Fellows
531385130,Sawyer
906230030,Sawyer
906426210,Sawyer
527162110,
527276150,
907201230,Sawyer
905104110,Sawyer
914476330,Mitchell
907290160,Sawyer
907125080,Sawyer
908188110,Edwards
528172150,
535350040,Meeker
535302140,Meeker
528108010,
531375090,Sawyer
526353050,Meeker
909276170,Edwards
528228295,
907202050,Sawyer
905107240,Sawyer
535305180,Meeker
531453040,Sawyer
923277040,Mitchell
528435070,Fellows
527454120,Fellows
923228290,Mitchell
903451090,Mitchell
527354050,Fellows
526351010,Meeker
908128110,Edwards
905427050,Edwards
923230200,Mitchell
528228565,
906402070,Sawyer
528431070,Fellows
532378120,Sawyer
907290020,Edwards
905106210,Sawyer
534276290,Fellows
528458140,Fellows
910203290,Mitchell
534226060,Fellows
534178010,Fellows
907401060,Edwards
911225110,Mitchell
908250030,Edwards
909281010,Edwards
914475010,Mitchell
923225050,Mitchell
916455170,Mitchell
534451170,Fellows
909175080,Edwards
906225210,Sawyer
903234090,Meeker
907251090,Sawyer
905475500,Edwards
528458180,Fellows
909252170,Edwards
906425045,Sawyer
903228150,Meeker
534400050,Fellows
914452090,Mitchell
528326030,Fellows
905402090,Edwards
907227060,Sawyer
905102010,Sawyer
907255020,Edwards
528315090,Fellows
528482010,Fellows
535304170,Meeker
528174030,
535402330,Meeker
903226170,Meeker
911104060,Mitchell
906403060,Sawyer
908102320,Edwards
535454050,Meeker
909276210,Edwards
528250030,
531375130,Sawyer
907201060,Sawyer
527208010,
902402150,Meeker
528174010,
903233120,Meeker
528490080,Fellows
527357180,Fellows
532354090,Sawyer
527354200,Fellows
903233050,Meeker
535378020,Meeker
528250070,
535353240,
528240060,
903228040,Meeker
533252130,Fellows
535325290,Meeker
907401090,Edwards
908225290,Edwards
905200290,Sawyer
535179120,Meeker
905103030,Sawyer
907262060,Edwards
909254090,Edwards
909175100,Edwards
923276250,Mitchell
527401130,
534201040,Fellows
908127120,Edwards
905105260,Sawyer
904351200,Edwards
902207110,Meeker
902100110,Meeker
902105010,Meeker
909426060,Edwards
534401140,Fellows
527377110,Fellows
908102290,Edwards
907252120,Edwards
535451170,Meeker
903425245,Meeker
902107050,Meeker
531477020,Sawyer
905104180,Sawyer
909177120,Edwards
528228375,
906475170,Sawyer
534451150,Fellows
535375010,Meeker
528354050,Fellows
534455080,Fellows
903201090,Meeker
910226060,Mitchell
916125425,Mitchell
534128210,Fellows
528328100,Fellows
903429010,Meeker
531384030,Sawyer
528110020,
532351050,Sawyer
527328010,
902201090,Meeker
534127270,Fellows
531379050,Sawyer
907135080,Sawyer
908152280,Edwards
905106150,Sawyer
527454050,Fellows
923276260,Mitchell
533223010,Fellows
534475170,Fellows
533212020,Fellows
535180020,Meeker
527403120,Meeker
528376010,Fellows
527252050,
533221100,Fellows
528250060,
535378120,Meeker
903427090,Meeker
528488120,Fellows
910206110,Mitchell
905107110,Sawyer
902401030,Meeker
527106150,
534430090,Fellows
923225150,Mitchell
908152060,Edwards
905426200,Edwards
909103020,Edwards
902330040,Meeker
908152035,Edwards
528292040,
534276010,Fellows
534175010,Fellows
909252150,Edwards
905228020,Sawyer
535180100,Meeker
923252080,Mitchell
906392100,Sawyer
907194010,Sawyer
535402100,Meeker
902329070,Meeker
903234030,Meeker
533130170,Fellows
534275100,Fellows
527158020,
909100170,Edwards
527107010,
532378180,Sawyer
534479120,
923203100,Mitchell
902128100,Meeker
528172080,
528172050,
528344100,Fellows
905226130,Sawyer
907135180,Sawyer
907180050,Sawyer
909252020,Edwards
534276160,Fellows
527225035,
923229110,Mitchell
528240030,
526352080,Meeker
534476260,Fellows
531382090,Sawyer
902329030,Meeker
535303150,Meeker
911370540,Mitchell
535176100,Meeker
535457070,Meeker
909250220,Edwards
534450150,Fellows
528290190,
902109080,Meeker
527453010,Fellows
903430130,Meeker
902206040,Meeker
528292070,
533223080,Fellows
535153140,Meeker
528221070,
533352150,Sawyer
528327060,Fellows
528354060,Fellows
905452040,Edwards
527425035,
535455060,Meeker
905225090,Sawyer
528344070,Fellows
527161010,
535125010,Meeker
531451280,Sawyer
528290060,
906203140,Sawyer
902108060,Meeker
533212010,Fellows
527450280,Meeker
532354060,Sawyer
908250040,Edwards
907202140,Sawyer
906223140,Sawyer
903236200,Meeker
534276360,Fellows
907425035,Sawyer
528458110,Fellows
923225390,Mitchell
903225050,Meeker
906340110,Sawyer
902331010,Meeker
909275160,Edwards
527163020,
535383110,Meeker
921205070,Mitchell
902207150,Meeker
534252240,Fellows
909250150,Edwards
907131070,Sawyer
534477090,Fellows
527451460,Meeker
909275310,Edwards
535476370,Meeker
527427200,Meeker
903430080,Meeker
907252020,Edwards
909252010,Edwards
905378040,Edwards
907187080,Sawyer
527452190,Fellows
908225370,Edwards
906201050,Sawyer
907131190,Sawyer
533352170,Sawyer
903484020,Mitchell
535106190,Meeker
528439030,Fellows
527404140,Meeker
907275090,Edwards
906394020,Sawyer
535152010,Meeker
531369060,Sawyer
534127170,Fellows
527451020,Meeker
903458020,Mitchell
528315080,Fellows
535175030,Meeker
906204280,Sawyer
534202020,Fellows
527250040,
908188140,Edwards
535425050,Meeker
527106010,
528280110,
527166040,
908102050,
904100030,Sawyer
905480090,Edwards
914465055,Mitchell
909176140,Edwards
535477060,Meeker
527455030,Fellows
528490040,Fellows
527302050,Fellows
902402130,Meeker
528354100,Fellows
902109110,Meeker
907290170,Sawyer
903476100,Mitchell
527212060,
534126090,Fellows
909276070,Edwards
534278190,Fellows
534204120,Fellows
535425040,Meeker
907202160,Sawyer
903227070,Meeker
531375050,Sawyer
535375140,Meeker
534201230,Fellows
906380100,Sawyer
535106180,Meeker
535177100,Meeker
531363040,Sawyer
909275080,Edwards
910202050,Mitchell
907196040,
528180070,
527451380,Meeker
534152100,Fellows
534252070,Fellows
528290140,
527404180,Meeker
904100190,Sawyer
908228040,Edwards
902104060,Meeker
527455090,Fellows
528112150,
534430080,Fellows
905101070,Sawyer
531451030,Sawyer
923225490,Mitchell
531385060,Sawyer
907290070,Edwards
908188120,Edwards
907181100,Sawyer
535457090,Meeker
902204060,Meeker
534429030,Fellows
902300020,Meeker
907254090,Edwards
908127060,Edwards
534177180,Fellows
923400125,Mitchell
528174060,
528172070,
905229040,Sawyer
535327160,Meeker
535377090,Meeker
916403250,Mitchell
916475100,Mitchell
908275220,Edwards
907290180,Sawyer
909101180,Edwards
923230190,Mitchell
527453150,Fellows
923228420,Mitchell
905108090,Sawyer
914453045,Mitchell
535302120,Meeker
535456110,Meeker
527328020,
535380050,Meeker
923250210,Mitchell
535454060,Meeker
534401200,Fellows
909250030,Edwards
527375180,Fellows
905376090,Edwards
534476100,Fellows
528280100,
528228435,
923250060,Mitchell
535152230,Meeker
906340120,Sawyer
527107020,
528120120,
909425130,Edwards
528181050,
527359160,Fellows
907405140,Edwards
905226030,Sawyer
904350045,Edwards
535454150,Meeker
909452102,Edwards
909250080,Edwards
902305090,Meeker
533212050,Fellows
902107030,Meeker
914476020,Mitchell
905225080,Sawyer
527301245,Fellows
527451550,Meeker
903476090,Mitchell
902110090,Meeker
527132090,
527450220,Meeker
909425085,Edwards
910200060,Mitchell
527380240,Fellows
528186030,
528106070,
527163040,
534127140,Fellows
535376010,Meeker
527359070,Fellows
902134060,Meeker
527404150,Meeker
534475100,Fellows
528363110,Fellows
916460020,Mitchell
528142140,
906392070,Sawyer
904101110,Sawyer
907412070,Edwards
903201080,Meeker
534401120,Fellows
902207140,Meeker
908127040,Edwards
531376070,Sawyer
527301170,Fellows
528240130,
528275070,
904302010,Edwards
902306120,Meeker
534251030,Fellows
902406020,Meeker
906392080,Sawyer
534175080,Fellows
533242080,Fellows
914474020,Mitchell
534129040,Fellows
535402270,Meeker
535353060,Meeker
534475250,Fellows
527425025,
902205140,Meeker
906475200,Sawyer
909251090,Edwards
535155110,Meeker
527403310,Meeker
527162080,
905325030,Edwards
533253160,Fellows
907125120,Sawyer
903457040,Mitchell
902325160,Meeker
528235050,
528478040,Fellows
528240040,
528178090,
923277080,Mitchell
903235010,Meeker
923275010,Mitchell
528439060,Fellows
907290140,Sawyer
535126100,Meeker
535325320,Meeker
527226010,
535354130,Meeker
909101070,Edwards
905201030,Sawyer
923203190,Mitchell
535383100,Meeker
531376030,Sawyer
902206130,Meeker
532478020,Sawyer
532377140,Sawyer
528458060,Fellows
533350020,Sawyer
904301100,Edwards
535403010,Meeker
923277030,Mitchell
527184110,
535152060,Meeker
527166010,
903206170,Meeker
534226120,Fellows
527355060,Fellows
909282060,Edwards
527127150,
528365070,Fellows
909475140,Edwards
906380190,Sawyer
535177110,Meeker
527401160,
902400110,Meeker
527353080,Fellows
534278170,Fellows
533252020,Fellows
923202220,Mitchell
907251100,Sawyer
535451190,Meeker
902128020,Meeker
911102090,Mitchell
903425340,Meeker
527402200,Meeker
527301080,Fellows
923275140,Mitchell
535475010,Meeker
532354230,Sawyer
528150040,
533244040,Fellows
531450030,Sawyer
527354040,Fellows
535305120,Meeker
535151100,Meeker
902304040,Meeker
906392130,Sawyer
528358030,Fellows
906380210,Sawyer
527452100,Fellows
527450150,Meeker
907125090,Sawyer
908130020,Edwards
907194160,Edwards
907131060,Sawyer
531363060,Sawyer
903484110,Mitchell
535402090,Meeker
902402010,Meeker
526355170,Meeker
535301160,Meeker
905480160,Edwards
527107120,
902201140,Meeker
534479130,
528186080,
923225510,Mitchell
535180070,Meeker
905104030,Sawyer
528346050,Fellows
906392110,Sawyer
535375130,Meeker
527357020,Fellows
903227140,Meeker
534175140,Fellows
902106140,Meeker
923228200,Mitchell
527353020,Fellows
907290150,Sawyer
535176050,Meeker
528280180,
906402060,Sawyer
527403360,
534176250,Fellows
527378020,Fellows
903455030,Mitchell
908275090,Edwards
528120110,
535450100,Meeker
527301010,Fellows
535302200,Meeker
909252220,Edwards
923227030,Mitchell
527107240,
916226030,Edwards
909178160,Edwards
906201022,Sawyer
908102020,Edwards
531380080,Sawyer
527376100,Fellows
905200280,Sawyer
535402140,Meeker
905101100,Sawyer
527226020,
535451230,Meeker
528360050,Fellows
907265010,Edwards
531375140,Sawyer
535125060,Meeker
908186060,Edwards
526351030,Meeker
535451100,Meeker
905451050,Edwards
905226080,Sawyer
924151050,Mitchell
903232190,Meeker
905103130,Sawyer
902427140,Meeker
535152050,Meeker
907262070,Edwards
527327080,Fellows
527146030,
903427120,Meeker
533352075,Sawyer
907265030,Edwards
531380110,Sawyer
903232100,Meeker
909428180,Edwards
534476150,Fellows
527378010,Fellows
924100040,Mitchell
909275020,Edwards
909101190,Edwards
903206120,Meeker
904301410,Edwards
907295040,Edwards
907176010,Sawyer
905100060,Sawyer
532376110,Sawyer
914460020,Mitchell
527454200,Fellows
528482030,Fellows
907280100,Edwards
527110080,
528118090,
535105110,Meeker
526354020,Meeker
535477130,Meeker
905452070,Edwards
906378110,Sawyer
909426090,Edwards
533236090,Fellows
908275280,Edwards
903228090,Meeker
531385070,Sawyer
527356050,Fellows
527166030,
907290230,Sawyer
528186050,
535452120,Meeker
528482130,Fellows
534403050,Fellows
533244030,Fellows
528365080,Fellows
902206090,Meeker
909425010,Edwards
916384080,Mitchell
909101330,Edwards
535380110,Meeker
903236010,Meeker
905101200,Sawyer
531375110,Sawyer
907405030,Edwards
908276230,Edwards
909256060,Edwards
527108030,
906475100,Sawyer
907275010,Edwards
527404100,Meeker
905403150,Edwards
533350120,Sawyer
909254010,Edwards
533221040,Fellows
533254050,Fellows
535178120,Meeker
527403020,Meeker
916125360,Mitchell
909277040,Edwards
527302175,Fellows
905101490,Sawyer
907227100,Sawyer
911370510,Mitchell
907414030,Edwards
909275110,Edwards
905200260,Sawyer
902105130,Meeker
534453140,Fellows
907203070,Sawyer
910226040,Mitchell
905451410,Edwards
907295020,Edwards
533250190,Fellows
527450010,Meeker
906385020,Sawyer
534403100,Fellows
535453080,Meeker
528250100,
907130100,Sawyer
535152280,Meeker
528166090,
528480040,Fellows
535300040,Meeker
533215070,Fellows
527451520,Meeker
905475270,Edwards
908102030,Edwards
909177100,Edwards
902302150,Meeker
907201160,Sawyer
527453060,Fellows
905225020,Sawyer
528181010,
917425190,Mitchell
528180130,
531363030,Sawyer
902102060,Meeker
923229040,Mitchell
909256020,Edwards
533221110,Fellows
526355080,Meeker
907181120,Sawyer
903234160,Meeker
535454030,Meeker
534152070,Fellows
905106170,Sawyer
909257050,Edwards
534252060,Fellows
903200080,Meeker
907126010,Sawyer
907285020,Edwards
902109130,Meeker
903450060,Mitchell
916455010,Mitchell
535152070,Meeker
902206270,Meeker
534427090,Fellows
533130020,Fellows
527455270,Fellows
526302110,Meeker
905401100,Edwards
903227150,Meeker
534251320,Fellows
909100080,Edwards
905200160,Sawyer
914478020,Mitchell
527451650,Meeker
528142150,
531452210,Sawyer
528168030,
923202105,Mitchell
911103060,Mitchell
534401190,Fellows
907175100,Sawyer
902110010,Meeker
534431020,Fellows
908186080,Edwards
903233030,Meeker
902406070,Meeker
532354010,Sawyer
916380070,Mitchell
903425420,Meeker
907227030,Sawyer
910205120,Mitchell
906201120,Sawyer
923251080,Mitchell
534451080,Fellows
902103090,Meeker
909428240,
528120130,
907255030,Edwards
908102270,Edwards
909100150,Edwards
903231060,Meeker
923201020,Mitchell
534429150,Fellows
534129060,Fellows
534151090,Fellows
910204050,Mitchell
535457040,Meeker
903426200,Meeker
535383070,Meeker
535353180,
908128050,Edwards
528429050,Fellows
527455240,Fellows
906476030,
909254140,Edwards
527359030,Fellows
533251110,Fellows
908178050,Edwards
923225040,Mitchell
916455110,Mitchell
531452050,Sawyer
905351045,Edwards
905100030,Sawyer
909101100,Edwards
902201130,Meeker
527162140,
527108040,
534476080,Fellows
902404010,Meeker
902328040,Meeker
908102060,
533250130,Fellows
535380010,Meeker
532353130,Sawyer
531363050,Sawyer
534455030,Fellows
916382100,Mitchell
906201130,Sawyer
534125210,Fellows
535126140,Meeker
535126010,Meeker
533252040,Fellows
527356060,Fellows
535151020,Meeker
528294050,
923205015,Mitchell
527183060,
914465020,Mitchell
916386060,Mitchell
528250020,
532476080,Sawyer
527453070,Fellows
902134120,Meeker
903452090,Mitchell
533212110,Fellows
902301060,Meeker
534276040,Fellows
909280070,Edwards
527451640,Meeker
916460070,Mitchell
528120150,
902125160,Meeker
535154130,Meeker
527165230,
907412090,Edwards
528228465,
907126050,Sawyer
906204230,Sawyer
903233220,Meeker
528280150,
527403040,Meeker
533253090,Fellows
528180080,
528118020,
534477030,Fellows
532353020,Sawyer
527162120,
903425110,Meeker
907285010,Edwards
907192150,Edwards
532353050,Sawyer
528280230,
907280090,Edwards
531450090,Sawyer
905351089,Edwards
905452120,Edwards
923275080,Mitchell
908275200,Edwards
904352190,Edwards
923275090,Mitchell
923425030,Mitchell
534202130,Fellows
527450250,Meeker
903232170,Meeker
531369020,Sawyer
906380220,Sawyer
902106120,Meeker
535325450,Meeker
527402060,Meeker
909426080,Edwards
527165020,
916403130,Mitchell
527162130,
535450070,Meeker
905107310,Sawyer
902104020,Meeker
905109130,Sawyer
527146010,
527107090,
535152250,Meeker
902401010,Meeker
528363130,Fellows
534201250,Fellows
527455100,Fellows
528240050,
906424010,Sawyer
535456020,Meeker
535125090,Meeker
905477050,Edwards
923228370,Mitchell
535425010,Meeker
907425030,Sawyer
909254100,Edwards
533253210,Fellows
908203090,Edwards
907255060,Edwards
528366040,Fellows
534127080,Fellows
528228455,
535380140,Meeker
527163070,
907130110,Sawyer
528116030,
902106040,Meeker
527190050,
903231030,Meeker
903231080,Meeker
902327040,Meeker
535303050,Meeker
909251170,Edwards
914478110,Mitchell
902326060,Meeker
923225310,Mitchell
527359080,Fellows
535303030,Meeker
914475020,Mitchell
903454060,Mitchell
528120160,
923252100,Mitchell
905426030,Edwards
535476360,Meeker
528364110,Fellows
532376180,Sawyer
907250020,Sawyer
528235010,
528142130,
905475150,Edwards
902105020,Meeker
527165130,
902202150,Meeker
527105030,
535152200,Meeker
907410080,Edwards
916386080,Mitchell
534479240,Fellows
916386040,Mitchell
527161040,
528490070,Fellows
909175050,Edwards
908275040,Edwards
534104090,Fellows
528218090,
532378110,Sawyer
527355280,Fellows
535151040,Meeker
910203090,Mitchell
535151080,Meeker
923228390,Mitchell
527405180,Meeker
923225300,Mitchell
923230180,Mitchell
902125120,Meeker
534202170,Fellows
905477010,Edwards
923226250,Mitchell
907203010,Sawyer
535351050,Meeker
906420130,Sawyer
534428020,Fellows
907192020,Edwards
528386040,Fellows
902406090,Meeker
535353050,Meeker
532376080,Sawyer
903231130,Meeker
527455080,Fellows
528250010,
909101010,Edwards
909275050,Edwards
527302060,Fellows
534450110,Fellows
535382130,Meeker
535105030,Meeker
533253050,Fellows
528138060,
535377070,Meeker
905201120,Sawyer
923204150,Mitchell
907135040,Sawyer
903204040,Meeker
905100080,Sawyer
910202100,Mitchell
903454100,Mitchell
528292020,
903231070,Meeker
528110010,
528228325,
534401110,Fellows
908226130,Edwards
534252090,Fellows
902330090,Meeker
535354070,Meeker
916326010,Mitchell
905200380,Sawyer
902406030,Meeker
535354200,Meeker
923226150,Mitchell
903234050,Meeker
532353030,Sawyer
534431070,
528435050,Fellows
528482040,Fellows
904101070,Sawyer
528102040,
527452060,Fellows
534127260,Fellows
907275140,Edwards
903201020,Meeker
534278150,Fellows
527182040,
528120020,
905476120,Edwards
910201130,Mitchell
905201020,Sawyer
535181030,Meeker
913350030,Mitchell
531451020,Sawyer
531452140,Sawyer
906201023,Sawyer
904302030,Edwards
905105200,Sawyer
905108170,Sawyer
534129370,Fellows
528275160,
914476520,Mitchell
905451330,Edwards
903401050,Meeker
905101310,Sawyer
903232090,Meeker
535425070,Meeker
907227300,Sawyer
902306130,Meeker
903202170,Meeker
902207010,Meeker
535478070,Meeker
902109010,Meeker
907185050,Sawyer
534275220,Fellows
535450220,Meeker
902305080,Meeker
535304100,Meeker
528250040,
907262030,Edwards
907285040,Edwards
535302080,Meeker
905107250,Sawyer
535179020,Meeker
533217060,Fellows
527165100,
528290120,
535101110,Meeker
535402220,Meeker
533208080,Fellows
916225130,Edwards
910200110,Mitchell
534479150,
528294010,
905102170,Sawyer
532376170,Sawyer
905377050,Edwards
534430050,Fellows
908128100,Edwards
903205040,Meeker
905402060,Edwards
909275030,Edwards
907192040,Edwards
906223180,Sawyer
